{
    "accuracy": 4.068028419827736,
    "loss": 7.529870683283825,
    "step": 18
}
