step	accuracy
0	0.24042546038639978
1	1.774469576198336
2	0.6580864774259156
3	0.288642052657877
4	4.691981684176978
5	3.5121212406765245
6	4.438636848743673
7	6.91209927365882
8	1.9362611177164912
9	5.411170113819703
10	3.6333307081167905
11	3.764737389221478
12	3.5961740751762434
13	1.245850463232747
14	14.330487858172516
15	0.6615183007308083
16	3.819392582570385
17	17.156784837519567
18	4.068028419827736
