step	loss
0	0.274335173523501
1	0.16880776343062065
2	2.779359097096866
3	2.988343415545505
4	0.976557061182905
5	2.6006445298076506
6	4.352178245483913
7	5.160548120613847
8	6.359430212221254
9	0.7664655095709427
10	0.577426399078413
11	8.418604898485434
12	6.611568234374928
13	12.029471476620676
14	7.119567582588589
15	9.579251403528595
16	3.035275198963202
17	16.804051511238043
18	7.529870683283825
